H_NOTES,C_NOTES,C_NOTES,base,Kanakangi,Ratnangi,Ganamurti,Vanaspati,Manavati,Tanarupi,Senavati,Hanumatodi,Dhenuka,Natakapriya,Kokilapriya,Rupavati,Gayakapriya,Vakulabharanam,Mayamalavagoulai,Chakravakam,Suryakantam,Hatakambari,Jhankaradhvani,Natabhairavi,Kiravani,Kharaharapriya,Gourimanohari,Varunapriya,Mararanjani,Charukesi,Sarasangi,Harikambhoji,Dhirasankarabharanam,Naganandini,Yagapriya,Ragavardhini,Gangeyabhusani,Vagadhisvari,sulini,Chalanattai,Salagam,Jalarnavam,Jhalavarali,Navanitam,Pavani,Raghupriya,Gavambhodi,Bhavapriya,subhapantuvarali,sadvidamargini,Suvarnangi,Divyamani,Dhavalambari,Namanarayani,Kamavardhini,Ramapriya, Gamanasrama, Visvambari,samalangi,sanmukhapriya,Simhendramadhyamam,Hemavati,Dharmavati,Nitimati, Kantamani,Risabhapriya,Latangi,Vachaspati,Mechakalyani, Chitrambari, Sucharitra,Jyoti svarupini,Dhathuvardhani, Nasikabhusani,Kosalam,Rasikapriya
,chakram,chakram,chakram,indu,indu,indu,indu,indu,indu,netra,netra,netra,netra,netra,netra,agni,agni,agni,agni,agni,agni,veda,veda,veda,veda,veda,veda,baana,baana,baana,baana,baana,baana,rutu,rutu,rutu,rutu,rutu,rutu,rushi,rushi,rushi,rushi,rushi,rushi,vasu,vasu,vasu,vasu,vasu,vasu,brahma,brahma,brahma,brahma,brahma,brahma,disi,disi,disi,disi,disi,disi,rudra,rudra,rudra,rudra,rudra,rudra,aaditya,aaditya,aaditya,aaditya,aaditya,aaditya
     S ,S ,S ,220,220,220,220,220,220,220,220,220,220,220,220,220,220,220,220,220,220,220,220,220,220,220,220,220,220,220,220,220,220,220,220,220,220,220,220,220,220,220,220,220,220,220,220,220,220,220,220,220,220,220,220,220,220,220,220,220,220,220,220,220,220,220,220,220,220,220,220,220,220,220,220,220
     R1 ,R1 ,r,233,233,233,233,233,233,233,233,233,233,233,233,233,233,233,233,233,233,233,0,0,0,0,0,0,0,0,0,0,0,0,0,0,0,0,0,0,233,233,233,233,233,233,233,233,233,233,233,233,233,233,233,233,233,233,0,0,0,0,0,0,0,0,0,0,0,0,0,0,0,0,0,0
     R2 ,R2/G1,R,246.96,246.96,246.96,246.96,246.96,246.96,246.96,0,0,0,0,0,0,0,0,0,0,0,0,246.96,246.96,246.96,246.96,246.96,246.96,246.96,246.96,246.96,246.96,246.96,246.96,0,0,0,0,0,0,246.96,246.96,246.96,246.96,246.96,246.96,0,0,0,0,0,0,0,0,0,0,0,0,246.96,246.96,246.96,246.96,246.96,246.96,246.96,246.96,246.96,246.96,246.96,246.96,0,0,0,0,0,0
     G1 ,R3/G2,g,261.64,0,0,0,0,0,0,261.64,261.64,261.64,261.64,261.64,261.64,0,0,0,0,0,0,261.64,261.64,261.64,261.64,261.64,261.64,0,0,0,0,0,0,261.64,261.64,261.64,261.64,261.64,261.64,0,0,0,0,0,0,261.64,261.64,261.64,261.64,261.64,261.64,0,0,0,0,0,0,261.64,261.64,261.64,261.64,261.64,261.64,0,0,0,0,0,0,261.64,261.64,261.64,261.64,261.64,261.64
     G2 ,G3,G,277.2,0,0,0,0,0,0,0,0,0,0,0,0,277.2,277.2,277.2,277.2,277.2,277.2,0,0,0,0,0,0,277.2,277.2,277.2,277.2,277.2,277.2,277.2,277.2,277.2,277.2,277.2,277.2,0,0,0,0,0,0,0,0,0,0,0,0,277.2,277.2,277.2,277.2,277.2,277.2,0,0,0,0,0,0,277.2,277.2,277.2,277.2,277.2,277.2,277.2,277.2,277.2,277.2,277.2,277.2
     M1 ,M1,m,293.68,293.68,293.68,293.68,293.68,293.68,293.68,293.68,293.68,293.68,293.68,293.68,293.68,293.68,293.68,293.68,293.68,293.68,293.68,293.68,293.68,293.68,293.68,293.68,293.68,293.68,293.68,293.68,293.68,293.68,293.68,293.68,293.68,293.68,293.68,293.68,293.68,0,0,0,0,0,0,0,0,0,0,0,0,0,0,0,0,0,0,0,0,0,0,0,0,0,0,0,0,0,0,0,0,0,0,0,0
     M2 ,M2 ,M,311.12,0,0,0,0,0,0,0,0,0,0,0,0,0,0,0,0,0,0,0,0,0,0,0,0,0,0,0,0,0,0,0,0,0,0,0,0,311.12,311.12,311.12,311.12,311.12,311.12,311.12,311.12,311.12,311.12,311.12,311.12,311.12,311.12,311.12,311.12,311.12,311.12,311.12,311.12,311.12,311.12,311.12,311.12,311.12,311.12,311.12,311.12,311.12,311.12,311.12,311.12,311.12,311.12,311.12,311.12
     P ,P ,P ,329.64,329.64,329.64,329.64,329.64,329.64,329.64,329.64,329.64,329.64,329.64,329.64,329.64,329.64,329.64,329.64,329.64,329.64,329.64,329.64,329.64,329.64,329.64,329.64,329.64,329.64,329.64,329.64,329.64,329.64,329.64,329.64,329.64,329.64,329.64,329.64,329.64,329.64,329.64,329.64,329.64,329.64,329.64,329.64,329.64,329.64,329.64,329.64,329.64,329.64,329.64,329.64,329.64,329.64,329.64,329.64,329.64,329.64,329.64,329.64,329.64,329.64,329.64,329.64,329.64,329.64,329.64,329.64,329.64,329.64,329.64,329.64,329.64
     D1 ,D1,d,349.24,349.24,349.24,349.24,0,0,0,349.24,349.24,349.24,0,0,0,349.24,349.24,349.24,0,0,0,349.24,349.24,349.24,0,0,0,349.24,349.24,349.24,0,0,0,349.24,349.24,349.24,0,0,0,349.24,349.24,349.24,0,0,0,349.24,349.24,349.24,0,0,0,349.24,349.24,349.24,0,0,0,349.24,349.24,349.24,0,0,0,349.24,349.24,349.24,0,0,0,349.24,349.24,349.24,0,0,0
     D2 ,D2/N1,D,370,370,0,0,370,370,0,370,0,0,370,370,0,370,0,0,370,370,0,370,0,0,370,370,0,370,0,0,370,370,0,370,0,0,370,370,0,370,0,0,370,370,0,370,0,0,370,370,0,370,0,0,370,370,0,370,0,0,370,370,0,370,0,0,370,370,0,370,0,0,370,370,0
     N1 ,D3/N2,n,392,0,392,0,392,0,392,0,392,0,392,0,392,0,392,0,392,0,392,0,392,0,392,0,392,0,392,0,392,0,392,0,392,0,392,0,392,0,392,0,392,0,392,0,392,0,392,0,392,0,392,0,392,0,392,0,392,0,392,0,392,0,392,0,392,0,392,0,392,0,392,0,392
     N2 ,N3,N,415.32,0,0,415.32,0,415.32,415.32,0,0,415.32,0,415.32,415.32,0,0,415.32,0,415.32,415.32,0,0,415.32,0,415.32,415.32,0,0,415.32,0,415.32,415.32,0,0,415.32,0,415.32,415.32,0,0,415.32,0,415.32,415.32,0,0,415.32,0,415.32,415.32,0,0,415.32,0,415.32,415.32,0,0,415.32,0,415.32,415.32,0,0,415.32,0,415.32,415.32,0,0,415.32,0,415.32,415.32
     S ,S,S,440,440,440,440,440,440,440,440,440,440,440,440,440,440,440,440,440,440,440,440,440,440,440,440,440,440,440,440,440,440,440,440,440,440,440,440,440,440,440,440,440,440,440,440,440,440,440,440,440,440,440,440,440,440,440,440,440,440,440,440,440,440,440,440,440,440,440,440,440,440,440,440,440
